{
    "anchorpoints": [],
    "portpins": [
        {
            "name": "1",
            "position": [
                -3.8649999999999998,
                0.0,
                0.97
            ],
            "rotation": [
                1.0,
                0.0,
                0.0,
                0.0,
                1.0,
                0.0,
                0.0,
                0.0,
                1.0
            ]
        },
        {
            "name": "2",
            "position": [
                3.8649999999999998,
                0.0,
                0.97
            ],
            "rotation": [
                -1.0,
                0.0,
                0.0,
                0.0,
                1.0,
                0.0,
                0.0,
                0.0,
                -1.0
            ]
        },
        {
            "name": "3",
            "position": [
                0.0,
                0.0,
                15.97
            ],
            "rotation": [
                -0.0,
                1.0,
                0.0,
                1.0,
                0.0,
                0.0,
                0.0,
                0.0,
                -1.0
            ]
        }
    ],
    "version": 7
}